{
  "best": "Random Forest",
  "metrics": [
    {
      "name": "Linear Regression",
      "r2": 0.9576931576538725,
      "mae": 4.889073651098276,
      "rmse": 6.026143434713308
    },
    {
      "name": "Random Forest",
      "r2": 0.9999999677791838,
      "mae": 0.000199484618799599,
      "rmse": 0.00525899099992
    },
    {
      "name": "XGBoost",
      "r2": 0.9999741014617296,
      "mae": 0.03438845487661723,
      "rmse": 0.14909798870567392
    },
    {
      "name": "Neural Network",
      "r2": 0.9999998143175037,
      "mae": 0.007011630801977162,
      "rmse": 0.01262465856696759
    }
  ]
}